source,destination,permanent
/using-ai-on-linkedin-without-losing-your-voice,/blog/using-ai-on-linkedin-without-losing-your-voice,true
/linkedin-outreach-templates,/blog/linkedin-outreach-templates,true
/how-to-write-linkedin-posts,/blog/how-to-write-linkedin-posts,true
/linkedin-attrribution-common-mistakes,/blog/linkedin-attrribution-common-mistakes,true
/b2b-marketing-agency-cuts-linkedin-ad-costs-by-56-percent,/blog/b2b-marketing-agency-cuts-linkedin-ad-costs-by-56-percent,true
/effective-linkedin-ads-limited-budget,/blog/effective-linkedin-ads-limited-budget,true
/linkedin-ads-agency-red-flags,/blog/linkedin-ads-agency-red-flags,true
/why-your-linkedin-ad-data-is-wrong,/blog/why-your-linkedin-ad-data-is-wrong,true
/why-last-click-attribution-doesnt-define-b2b-marketing-activities,/blog/why-last-click-attribution-doesnt-define-b2b-marketing-activities,true
/what-is-linkedin-conversion-api-capi,/blog/what-is-linkedin-conversion-api-capi,true
/impactable-linkedin-conversion-capi-implementation-partner,/blog/impactable-linkedin-conversion-capi-implementation-partner,true
/ga4-linkedin-ads-tracking-guide-2024,/blog/ga4-linkedin-ads-tracking-guide-2024,true
/linkedin-ad-types,/blog/linkedin-ad-types,true
/linkedin-ad-scheduling,/blog/linkedin-ad-scheduling,true
/basics-of-linkedin-ad-scheduling,/blog/basics-of-linkedin-ad-scheduling,true
/linkedin-thought-leader-ads,/blog/linkedin-thought-leader-ads,true
/grow-linkedin-company-page-followers,/blog/grow-linkedin-company-page-followers,true
/linkedin-follower-ads,/blog/linkedin-follower-ads,true
/audience-tuning-for-linkedin-ads,/blog/audience-tuning-for-linkedin-ads,true
/linkedin-company-page-best-practices,/blog/linkedin-company-page-best-practices,true
/linkedin-lead-gen-forms-set-up,/blog/linkedin-lead-gen-forms-set-up,true
/all-you-need-to-know-about-linkedin-ads,/blog/all-you-need-to-know-about-linkedin-ads,true
/lead-generation-vs-demand-generation,/blog/lead-generation-vs-demand-generation,true
/linkedin-lead-gen-form-best-practices,/blog/linkedin-lead-gen-form-best-practices,true
/linkedin-lead-gen-forms,/blog/linkedin-lead-gen-forms,true
/best-it-services-linkedin-ads,/blog/best-it-services-linkedin-ads,true
/best-linkedin-ads-for-saas,/blog/best-linkedin-ads-for-saas,true
/linkedin-thought-leader-ads-examples,/blog/linkedin-thought-leader-ads-examples,true
/the-power-of-third-party-custom-audiences,/blog/the-power-of-third-party-custom-audiences,true
/linkedin-ad-frequency,/blog/linkedin-ad-frequency,true
/linkedin-targeting,/blog/linkedin-targeting,true
/best-linkedin-ads-agency,/blog/best-linkedin-ads-agency,true
/leveraging-linkedin-ads-for-account-based-marketing-abm,/blog/leveraging-linkedin-ads-for-account-based-marketing-abm,true
/advanced-audience-segmentation-for-linkedin-ads,/blog/advanced-audience-segmentation-for-linkedin-ads,true
/best-linkedin-advertising-agencies,/blog/best-linkedin-advertising-agencies,true
/how-to-measure-linkedin-ads,/blog/how-to-measure-linkedin-ads,true
/b2b-demand-gen-motion-on-linkedin,/blog/b2b-demand-gen-motion-on-linkedin,true
/b2b-video-marketing,/blog/b2b-video-marketing,true
/linkedin-single-image-retargeting,/blog/linkedin-single-image-retargeting,true
/linkedin-carousel-ads,/blog/linkedin-carousel-ads,true
/linkedin-video-ads-best-practices,/blog/linkedin-video-ads-best-practices,true
/linkedin-event-ads,/blog/linkedin-event-ads,true
/linkedin-document-ads,/blog/linkedin-document-ads,true
/linkedin-thought-leader-ads-strategies,/blog/linkedin-thought-leader-ads-strategies,true
/linkedin-newsletter,/blog/linkedin-newsletter,true
/linkedin-message-ads,/blog/linkedin-message-ads,true
/linkedin-conversation-ads,/blog/linkedin-conversation-ads,true
/linkedin-spotlight-ads,/blog/linkedin-spotlight-ads,true
/linkedin-text-ads,/blog/linkedin-text-ads,true
/linkedin-lead-generation-2024,/blog/linkedin-lead-generation-2024,true
/the-ultimate-guide-to-targeted-outreach,/blog/the-ultimate-guide-to-targeted-outreach,true
/linkedin-profile-tips,/blog/linkedin-profile-tips,true
/linkedin-content-strategy,/blog/linkedin-content-strategy,true
/linkedin-posting-best-practices,/blog/linkedin-posting-best-practices,true
/google-ads-101,/blog/google-ads-101,true
/linkedin-ads-vs-facebook-ads,/blog/linkedin-ads-vs-facebook-ads,true
/linkedin-ads-daypart-reporting,/blog/linkedin-ads-daypart-reporting,true
/how-to-leverage-linkedin-retargeting-to-boost-google-ads-roi,/blog/how-to-leverage-linkedin-retargeting-to-boost-google-ads-roi,true
/https-impactable-com-linkedin-ads-efficiency-performance,/blog/https-impactable-com-linkedin-ads-efficiency-performance,true
/linkedin-ads-funnel-benchmarks,/blog/linkedin-ads-funnel-benchmarks,true
/positive-roi-with-linkedin-ads,/blog/positive-roi-with-linkedin-ads,true
/linkedin-lead-generation-strategies-examples-b2b,/blog/linkedin-lead-generation-strategies-examples-b2b,true
/minimum-budget-for-linkedin-ads,/blog/minimum-budget-for-linkedin-ads,true
/scale-your-abm-strategy-with-linkedin-ads,/blog/scale-your-abm-strategy-with-linkedin-ads,true
/programmatic-advertising-guide,/blog/programmatic-advertising-guide,true
/high-budget-multichannel-strategy,/blog/high-budget-multichannel-strategy,true
/how-much-you-should-spend-on-linkedin-ads,/blog/how-much-you-should-spend-on-linkedin-ads,true
/are-linkedin-ads-expensive,/blog/are-linkedin-ads-expensive,true
/ideal-budget-for-linkedin-ads,/blog/ideal-budget-for-linkedin-ads,true
/the-secrets-of-linkedin-retargeting,/blog/the-secrets-of-linkedin-retargeting,true
/linkedin-ads-budgeting-for-startups,/blog/linkedin-ads-budgeting-for-startups,true
/linkedin-abm-best-practices,/blog/linkedin-abm-best-practices,true
/optimizing-linkedin-campaigns-using-ad-frequency,/blog/optimizing-linkedin-campaigns-using-ad-frequency,true
/telling-a-brand-story-with-linkedin-retargeting,/blog/telling-a-brand-story-with-linkedin-retargeting,true
/linkedin-b2b-lead-generation,/blog/linkedin-b2b-lead-generation,true
/demand-generation-linkedin-ads,/blog/demand-generation-linkedin-ads,true
/demand-gen-playbook-for-abm,/blog/demand-gen-playbook-for-abm,true
/the-ultimate-linkedin-thought-leadership-ads-strategy-for-b2b-marketers-2025,/blog/the-ultimate-linkedin-thought-leadership-ads-strategy-for-b2b-marketers-2025,true
/linkedin-ads-trends,/blog/linkedin-ads-trends,true
/programmatic-strategy-and-best-practices,/blog/programmatic-strategy-and-best-practices,true
/linkedin-demand-gen-2024,/blog/linkedin-demand-gen-2024,true
/linkedin-content-calendar,/blog/linkedin-content-calendar,true
/pairing-b2b-demand-gen-videos-with-linkedin-thought-leader-ads,/blog/pairing-b2b-demand-gen-videos-with-linkedin-thought-leader-ads,true
/linkedin-content-tips,/blog/linkedin-content-tips,true
/linkedin-thought-leadership-in-2025-the-ultimate-guide-to-building-influence-and-driving-pipeline,/blog/linkedin-thought-leadership-in-2025-the-ultimate-guide-to-building-influence-and-driving-pipeline,true
/linkedin-video-thought-leader-ads,/blog/linkedin-video-thought-leader-ads,true
/linkedin-video-ads,/blog/linkedin-video-ads,true
/linkedin-advertising-mistakes,/blog/linkedin-advertising-mistakes,true
/conversion-tracking-for-linkedin-ads,/blog/conversion-tracking-for-linkedin-ads,true
/how-to-generate-more-demand-with-linkedin-ads,/blog/how-to-generate-more-demand-with-linkedin-ads,true
/complete-linkedin-advertising-guide,/blog/complete-linkedin-advertising-guide,true
/evaluate-lead-quality-across-marketing-channels,/blog/evaluate-lead-quality-across-marketing-channels,true
/account-based-marketing-linkedin,/blog/account-based-marketing-linkedin,true
/lead-gen-vs-social-selling-vs-abm,/blog/lead-gen-vs-social-selling-vs-abm,true
/b2b-social-selling-guide,/blog/b2b-social-selling-guide,true
/eliminating-wasted-clicks-for-linkedin-ad-campaigns,/blog/eliminating-wasted-clicks-for-linkedin-ad-campaigns,true
/how-to-use-ga4-to-track-linkedin-ads,/blog/how-to-use-ga4-to-track-linkedin-ads,true
/linkedin-lead-gen-guide,/blog/linkedin-lead-gen-guide,true
/outreach-begginers-guide,/blog/outreach-begginers-guide,true
/b2b-outreach-strategies,/blog/b2b-outreach-strategies,true
/7-tips-to-jump-start-your-linkedin-lead-generation-strategy,/blog/7-tips-to-jump-start-your-linkedin-lead-generation-strategy,true
/linkedin-lead-generation,/blog/linkedin-lead-generation,true
/target-linkedin-powerful-b2b-audiences-generate-leads,/blog/target-linkedin-powerful-b2b-audiences-generate-leads,true
/linkedin-metrics-basics,/blog/linkedin-metrics-basics,true
/linkedin-ad-strategy-signs,/blog/linkedin-ad-strategy-signs,true
/the-linkedin-abm-playbook-strategies-to-reach-your-ideal-customers,/blog/the-linkedin-abm-playbook-strategies-to-reach-your-ideal-customers,true
/cpc-linkedin-vs-ctr-linkedin,/blog/cpc-linkedin-vs-ctr-linkedin,true
/evergreen-linkedin-ad-campaign,/blog/evergreen-linkedin-ad-campaign,true
/linkedin-ads-ctr-benchmarks,/blog/linkedin-ads-ctr-benchmarks,true
/best-linkedin-ad-formats-for-b2b-teams,/blog/best-linkedin-ad-formats-for-b2b-teams,true
/using-ai-in-linkedin-ads,/blog/using-ai-in-linkedin-ads,true
/linkedin-software,/blog/linkedin-software,true
/linkedin-cpc-benchmarks-2026,/blog/linkedin-cpc-benchmarks-2026,true
/linkedin-video-advertising-in-2025-the-smartest-way-to-turn-views-into-revenue,/blog/linkedin-video-advertising-in-2025-the-smartest-way-to-turn-views-into-revenue,true
/b2b-personal-branding-strategy,/blog/b2b-personal-branding-strategy,true
/lead-generation-examples,/blog/lead-generation-examples,true
/how-linkedin-ad-managers-market-your-business,/blog/how-linkedin-ad-managers-market-your-business,true
/how-to-find-a-linkedin-expert,/blog/how-to-find-a-linkedin-expert,true
/targeted-lead-generation-on-linkedin,/blog/targeted-lead-generation-on-linkedin,true
/category/linkedin-ads,/blog/category/linkedin-ads,true
/category/linkedin-ad-budget,/blog/category/linkedin-ad-budget,true
/category/demand-gen-content,/blog/category/demand-gen-content,true
/category/linkedin-lead-gen,/blog/category/linkedin-lead-gen,true
/category/linkedin-ads-management-software,/blog/category/linkedin-ads-management-software,true
/category/best-linkedin-ad-examples,/blog/category/best-linkedin-ad-examples,true
/category/multichannel-ads,/blog/category/multichannel-ads,true
/category/case-studies,/blog/category/case-studies,true
/category/popular-posts,/blog/category/popular-posts,true
/author/admin,/blog/author/admin,true
/author/cailey-m,/blog/author/cailey-m,true
/author/oleksii-s,/blog/author/oleksii-s,true
/author/branko-j,/blog/author/branko-j,true
