source_url,target_url,status_code,preserve_query_string
https://impactable.com/ga4-linkedin-ads-tracking-guide-2024,https://impactable.com/blog/ga4-linkedin-ads-tracking-guide-2024/,301,TRUE
https://impactable.com/ga4-linkedin-ads-tracking-guide-2024/,https://impactable.com/blog/ga4-linkedin-ads-tracking-guide-2024/,301,TRUE
https://impactable.com/effective-linkedin-ads-limited-budget,https://impactable.com/blog/effective-linkedin-ads-limited-budget/,301,TRUE
https://impactable.com/effective-linkedin-ads-limited-budget/,https://impactable.com/blog/effective-linkedin-ads-limited-budget/,301,TRUE
https://impactable.com/all-you-need-to-know-about-linkedin-ads,https://impactable.com/blog/all-you-need-to-know-about-linkedin-ads/,301,TRUE
https://impactable.com/all-you-need-to-know-about-linkedin-ads/,https://impactable.com/blog/all-you-need-to-know-about-linkedin-ads/,301,TRUE
https://impactable.com/how-to-leverage-linkedin-retargeting-to-boost-google-ads-roi,https://impactable.com/blog/how-to-leverage-linkedin-retargeting-to-boost-google-ads-roi/,301,TRUE
https://impactable.com/how-to-leverage-linkedin-retargeting-to-boost-google-ads-roi/,https://impactable.com/blog/how-to-leverage-linkedin-retargeting-to-boost-google-ads-roi/,301,TRUE
https://impactable.com/b2b-video-marketing,https://impactable.com/blog/b2b-video-marketing/,301,TRUE
https://impactable.com/b2b-video-marketing/,https://impactable.com/blog/b2b-video-marketing/,301,TRUE
https://impactable.com/7-tips-to-jump-start-your-linkedin-lead-generation-strategy,https://impactable.com/blog/7-tips-to-jump-start-your-linkedin-lead-generation-strategy/,301,TRUE
https://impactable.com/7-tips-to-jump-start-your-linkedin-lead-generation-strategy/,https://impactable.com/blog/7-tips-to-jump-start-your-linkedin-lead-generation-strategy/,301,TRUE
https://impactable.com/demand-generation-linkedin-ads,https://impactable.com/blog/demand-generation-linkedin-ads/,301,TRUE
https://impactable.com/demand-generation-linkedin-ads/,https://impactable.com/blog/demand-generation-linkedin-ads/,301,TRUE
https://impactable.com/grow-linkedin-company-page-followers,https://impactable.com/blog/grow-linkedin-company-page-followers/,301,TRUE
https://impactable.com/grow-linkedin-company-page-followers/,https://impactable.com/blog/grow-linkedin-company-page-followers/,301,TRUE
https://impactable.com/linkedin-follower-ads,https://impactable.com/blog/linkedin-follower-ads/,301,TRUE
https://impactable.com/linkedin-follower-ads/,https://impactable.com/blog/linkedin-follower-ads/,301,TRUE
https://impactable.com/complete-linkedin-advertising-guide,https://impactable.com/blog/complete-linkedin-advertising-guide/,301,TRUE
https://impactable.com/complete-linkedin-advertising-guide/,https://impactable.com/blog/complete-linkedin-advertising-guide/,301,TRUE
https://impactable.com/b2b-demand-gen-motion-on-linkedin,https://impactable.com/blog/b2b-demand-gen-motion-on-linkedin/,301,TRUE
https://impactable.com/b2b-demand-gen-motion-on-linkedin/,https://impactable.com/blog/b2b-demand-gen-motion-on-linkedin/,301,TRUE
https://impactable.com/best-linkedin-ads-for-saas,https://impactable.com/blog/best-linkedin-ads-for-saas/,301,TRUE
https://impactable.com/best-linkedin-ads-for-saas/,https://impactable.com/blog/best-linkedin-ads-for-saas/,301,TRUE
https://impactable.com/how-linkedin-ad-managers-market-your-business,https://impactable.com/blog/how-linkedin-ad-managers-market-your-business/,301,TRUE
https://impactable.com/how-linkedin-ad-managers-market-your-business/,https://impactable.com/blog/how-linkedin-ad-managers-market-your-business/,301,TRUE
https://impactable.com/best-linkedin-ads-agency,https://impactable.com/blog/best-linkedin-ads-agency/,301,TRUE
https://impactable.com/best-linkedin-ads-agency/,https://impactable.com/blog/best-linkedin-ads-agency/,301,TRUE
https://impactable.com/conversion-tracking-for-linkedin-ads,https://impactable.com/blog/conversion-tracking-for-linkedin-ads/,301,TRUE
https://impactable.com/conversion-tracking-for-linkedin-ads/,https://impactable.com/blog/conversion-tracking-for-linkedin-ads/,301,TRUE
https://impactable.com/linkedin-lead-gen-form-best-practices,https://impactable.com/blog/linkedin-lead-gen-form-best-practices/,301,TRUE
https://impactable.com/linkedin-lead-gen-form-best-practices/,https://impactable.com/blog/linkedin-lead-gen-form-best-practices/,301,TRUE
https://impactable.com/the-power-of-third-party-custom-audiences,https://impactable.com/blog/the-power-of-third-party-custom-audiences/,301,TRUE
https://impactable.com/the-power-of-third-party-custom-audiences/,https://impactable.com/blog/the-power-of-third-party-custom-audiences/,301,TRUE
https://impactable.com/account-based-marketing-linkedin,https://impactable.com/blog/account-based-marketing-linkedin/,301,TRUE
https://impactable.com/account-based-marketing-linkedin/,https://impactable.com/blog/account-based-marketing-linkedin/,301,TRUE
https://impactable.com/9-steps-to-lower-your-b2b-website-bounce-rate-and-improve-conversion-rates,https://impactable.com/blog/9-steps-to-lower-your-b2b-website-bounce-rate-and-improve-conversion-rates/,301,TRUE
https://impactable.com/9-steps-to-lower-your-b2b-website-bounce-rate-and-improve-conversion-rates/,https://impactable.com/blog/9-steps-to-lower-your-b2b-website-bounce-rate-and-improve-conversion-rates/,301,TRUE
https://impactable.com/optimizing-linkedin-campaigns-using-ad-frequency,https://impactable.com/blog/optimizing-linkedin-campaigns-using-ad-frequency/,301,TRUE
https://impactable.com/optimizing-linkedin-campaigns-using-ad-frequency/,https://impactable.com/blog/optimizing-linkedin-campaigns-using-ad-frequency/,301,TRUE
https://impactable.com/using-ai-in-linkedin-ads,https://impactable.com/blog/using-ai-in-linkedin-ads/,301,TRUE
https://impactable.com/using-ai-in-linkedin-ads/,https://impactable.com/blog/using-ai-in-linkedin-ads/,301,TRUE
https://impactable.com/how-to-find-a-linkedin-expert,https://impactable.com/blog/how-to-find-a-linkedin-expert/,301,TRUE
https://impactable.com/how-to-find-a-linkedin-expert/,https://impactable.com/blog/how-to-find-a-linkedin-expert/,301,TRUE
https://impactable.com/linkedin-event-ads,https://impactable.com/blog/linkedin-event-ads/,301,TRUE
https://impactable.com/linkedin-event-ads/,https://impactable.com/blog/linkedin-event-ads/,301,TRUE
https://impactable.com/linkedin-abm-best-practices,https://impactable.com/blog/linkedin-abm-best-practices/,301,TRUE
https://impactable.com/linkedin-abm-best-practices/,https://impactable.com/blog/linkedin-abm-best-practices/,301,TRUE
https://impactable.com/best-it-services-linkedin-ads,https://impactable.com/blog/best-it-services-linkedin-ads/,301,TRUE
https://impactable.com/best-it-services-linkedin-ads/,https://impactable.com/blog/best-it-services-linkedin-ads/,301,TRUE
https://impactable.com/how-much-you-should-spend-on-linkedin-ads,https://impactable.com/blog/how-much-you-should-spend-on-linkedin-ads/,301,TRUE
https://impactable.com/how-much-you-should-spend-on-linkedin-ads/,https://impactable.com/blog/how-much-you-should-spend-on-linkedin-ads/,301,TRUE
https://impactable.com/evergreen-linkedin-ad-campaign,https://impactable.com/blog/evergreen-linkedin-ad-campaign/,301,TRUE
https://impactable.com/evergreen-linkedin-ad-campaign/,https://impactable.com/blog/evergreen-linkedin-ad-campaign/,301,TRUE
https://impactable.com/abm-budget-tips-for-linkedin-ads,https://impactable.com/blog/abm-budget-tips-for-linkedin-ads/,301,TRUE
https://impactable.com/abm-budget-tips-for-linkedin-ads/,https://impactable.com/blog/abm-budget-tips-for-linkedin-ads/,301,TRUE
https://impactable.com/third-party-targeting-on-linkedin,https://impactable.com/blog/third-party-targeting-on-linkedin/,301,TRUE
https://impactable.com/third-party-targeting-on-linkedin/,https://impactable.com/blog/third-party-targeting-on-linkedin/,301,TRUE
https://impactable.com/linkedin-lead-generation-2024,https://impactable.com/blog/linkedin-lead-generation-2024/,301,TRUE
https://impactable.com/linkedin-lead-generation-2024/,https://impactable.com/blog/linkedin-lead-generation-2024/,301,TRUE
https://impactable.com/white-label-linkedin-ads,https://impactable.com/blog/white-label-linkedin-ads/,301,TRUE
https://impactable.com/white-label-linkedin-ads/,https://impactable.com/blog/white-label-linkedin-ads/,301,TRUE
https://impactable.com/linkedin-advertising-mistakes,https://impactable.com/blog/linkedin-advertising-mistakes/,301,TRUE
https://impactable.com/linkedin-advertising-mistakes/,https://impactable.com/blog/linkedin-advertising-mistakes/,301,TRUE
https://impactable.com/linkedin-ad-frequency,https://impactable.com/blog/linkedin-ad-frequency/,301,TRUE
https://impactable.com/linkedin-ad-frequency/,https://impactable.com/blog/linkedin-ad-frequency/,301,TRUE
https://impactable.com/google-ads-101,https://impactable.com/blog/google-ads-101/,301,TRUE
https://impactable.com/google-ads-101/,https://impactable.com/blog/google-ads-101/,301,TRUE
https://impactable.com/linkedin-demand-gen-2024,https://impactable.com/blog/linkedin-demand-gen-2024/,301,TRUE
https://impactable.com/linkedin-demand-gen-2024/,https://impactable.com/blog/linkedin-demand-gen-2024/,301,TRUE
https://impactable.com/lead-gen-vs-social-selling-vs-abm,https://impactable.com/blog/lead-gen-vs-social-selling-vs-abm/,301,TRUE
https://impactable.com/lead-gen-vs-social-selling-vs-abm/,https://impactable.com/blog/lead-gen-vs-social-selling-vs-abm/,301,TRUE
https://impactable.com/b2b-social-selling-guide,https://impactable.com/blog/b2b-social-selling-guide/,301,TRUE
https://impactable.com/b2b-social-selling-guide/,https://impactable.com/blog/b2b-social-selling-guide/,301,TRUE
https://impactable.com/high-budget-multichannel-strategy,https://impactable.com/blog/high-budget-multichannel-strategy/,301,TRUE
https://impactable.com/high-budget-multichannel-strategy/,https://impactable.com/blog/high-budget-multichannel-strategy/,301,TRUE
https://impactable.com/demand-gen-playbook-for-abm,https://impactable.com/blog/demand-gen-playbook-for-abm/,301,TRUE
https://impactable.com/demand-gen-playbook-for-abm/,https://impactable.com/blog/demand-gen-playbook-for-abm/,301,TRUE
https://impactable.com/are-linkedin-ads-expensive,https://impactable.com/blog/are-linkedin-ads-expensive/,301,TRUE
https://impactable.com/are-linkedin-ads-expensive/,https://impactable.com/blog/are-linkedin-ads-expensive/,301,TRUE
https://impactable.com/linkedin-ads-agency-red-flags,https://impactable.com/blog/linkedin-ads-agency-red-flags/,301,TRUE
https://impactable.com/linkedin-ads-agency-red-flags/,https://impactable.com/blog/linkedin-ads-agency-red-flags/,301,TRUE
https://impactable.com/b2b-personal-branding-strategy,https://impactable.com/blog/b2b-personal-branding-strategy/,301,TRUE
https://impactable.com/b2b-personal-branding-strategy/,https://impactable.com/blog/b2b-personal-branding-strategy/,301,TRUE
https://impactable.com/lead-generation-examples,https://impactable.com/blog/lead-generation-examples/,301,TRUE
https://impactable.com/lead-generation-examples/,https://impactable.com/blog/lead-generation-examples/,301,TRUE
https://impactable.com/ai-max-for-search-b2b-marketers,https://impactable.com/blog/ai-max-for-search-b2b-marketers/,301,TRUE
https://impactable.com/ai-max-for-search-b2b-marketers/,https://impactable.com/blog/ai-max-for-search-b2b-marketers/,301,TRUE
https://impactable.com/7-underrated-linkedin-ads-tools-marketers-are-finally-talking-about-in-2025,https://impactable.com/blog/7-underrated-linkedin-ads-tools-marketers-are-finally-talking-about-in-2025/,301,TRUE
https://impactable.com/7-underrated-linkedin-ads-tools-marketers-are-finally-talking-about-in-2025/,https://impactable.com/blog/7-underrated-linkedin-ads-tools-marketers-are-finally-talking-about-in-2025/,301,TRUE
https://impactable.com/top-linkedin-ads-experts-in-north-america,https://impactable.com/blog/top-linkedin-ads-experts-in-north-america/,301,TRUE
https://impactable.com/top-linkedin-ads-experts-in-north-america/,https://impactable.com/blog/top-linkedin-ads-experts-in-north-america/,301,TRUE
https://impactable.com/eliminating-wasted-clicks-for-linkedin-ad-campaigns,https://impactable.com/blog/eliminating-wasted-clicks-for-linkedin-ad-campaigns/,301,TRUE
https://impactable.com/eliminating-wasted-clicks-for-linkedin-ad-campaigns/,https://impactable.com/blog/eliminating-wasted-clicks-for-linkedin-ad-campaigns/,301,TRUE
https://impactable.com/b2b-ppc-multichannel-strategy,https://impactable.com/blog/b2b-ppc-multichannel-strategy/,301,TRUE
https://impactable.com/b2b-ppc-multichannel-strategy/,https://impactable.com/blog/b2b-ppc-multichannel-strategy/,301,TRUE
https://impactable.com/b2b-marketing-agency-cuts-linkedin-ad-costs-by-56-percent,https://impactable.com/blog/b2b-marketing-agency-cuts-linkedin-ad-costs-by-56-percent/,301,TRUE
https://impactable.com/b2b-marketing-agency-cuts-linkedin-ad-costs-by-56-percent/,https://impactable.com/blog/b2b-marketing-agency-cuts-linkedin-ad-costs-by-56-percent/,301,TRUE
https://impactable.com/inbound-vs-outbound-b2b-lead-generation,https://impactable.com/blog/inbound-vs-outbound-b2b-lead-generation/,301,TRUE
https://impactable.com/inbound-vs-outbound-b2b-lead-generation/,https://impactable.com/blog/inbound-vs-outbound-b2b-lead-generation/,301,TRUE
https://impactable.com/best-linkedin-ads-agencies-2025,https://impactable.com/blog/best-linkedin-ads-agencies-2025/,301,TRUE
https://impactable.com/best-linkedin-ads-agencies-2025/,https://impactable.com/blog/best-linkedin-ads-agencies-2025/,301,TRUE
https://impactable.com/b2b-ideal-client-profile-framework,https://impactable.com/blog/b2b-ideal-client-profile-framework/,301,TRUE
https://impactable.com/b2b-ideal-client-profile-framework/,https://impactable.com/blog/b2b-ideal-client-profile-framework/,301,TRUE
https://impactable.com/how-to-find-the-right-linkedin-ads-agency,https://impactable.com/blog/how-to-find-the-right-linkedin-ads-agency/,301,TRUE
https://impactable.com/how-to-find-the-right-linkedin-ads-agency/,https://impactable.com/blog/how-to-find-the-right-linkedin-ads-agency/,301,TRUE
https://impactable.com/b2b-social-selling-strategies-2025,https://impactable.com/blog/b2b-social-selling-strategies-2025/,301,TRUE
https://impactable.com/b2b-social-selling-strategies-2025/,https://impactable.com/blog/b2b-social-selling-strategies-2025/,301,TRUE
https://impactable.com/how-to-build-a-social-selling-engine-from-scratch-a-7-step-guide,https://impactable.com/blog/how-to-build-a-social-selling-engine-from-scratch-a-7-step-guide/,301,TRUE
https://impactable.com/how-to-build-a-social-selling-engine-from-scratch-a-7-step-guide/,https://impactable.com/blog/how-to-build-a-social-selling-engine-from-scratch-a-7-step-guide/,301,TRUE
https://impactable.com/best-b2b-seo-agencies,https://impactable.com/blog/best-b2b-seo-agencies/,301,TRUE
https://impactable.com/best-b2b-seo-agencies/,https://impactable.com/blog/best-b2b-seo-agencies/,301,TRUE
https://impactable.com/best-linkedin-ad-formats-for-b2b-teams,https://impactable.com/blog/best-linkedin-ad-formats-for-b2b-teams/,301,TRUE
https://impactable.com/best-linkedin-ad-formats-for-b2b-teams/,https://impactable.com/blog/best-linkedin-ad-formats-for-b2b-teams/,301,TRUE
https://impactable.com/linkedin-ads-funnel-benchmarks,https://impactable.com/blog/linkedin-ads-funnel-benchmarks/,301,TRUE
https://impactable.com/linkedin-ads-funnel-benchmarks/,https://impactable.com/blog/linkedin-ads-funnel-benchmarks/,301,TRUE
https://impactable.com/linkedin-ads-ctr-benchmarks,https://impactable.com/blog/linkedin-ads-ctr-benchmarks/,301,TRUE
https://impactable.com/linkedin-ads-ctr-benchmarks/,https://impactable.com/blog/linkedin-ads-ctr-benchmarks/,301,TRUE
https://impactable.com/google-ads-best-practices,https://impactable.com/blog/google-ads-best-practices/,301,TRUE
https://impactable.com/google-ads-best-practices/,https://impactable.com/blog/google-ads-best-practices/,301,TRUE
https://impactable.com/how-to-ab-test-linkedin-ads,https://impactable.com/blog/how-to-ab-test-linkedin-ads/,301,TRUE
https://impactable.com/how-to-ab-test-linkedin-ads/,https://impactable.com/blog/how-to-ab-test-linkedin-ads/,301,TRUE
https://impactable.com/linkedin-cpc-benchmarks-2026,https://impactable.com/blog/linkedin-cpc-benchmarks-2026/,301,TRUE
https://impactable.com/linkedin-cpc-benchmarks-2026/,https://impactable.com/blog/linkedin-cpc-benchmarks-2026/,301,TRUE
https://impactable.com/linkedin-ad-personalization-test-results,https://impactable.com/blog/linkedin-ad-personalization-test-results/,301,TRUE
https://impactable.com/linkedin-ad-personalization-test-results/,https://impactable.com/blog/linkedin-ad-personalization-test-results/,301,TRUE
https://impactable.com/using-ai-on-linkedin-without-losing-your-voice,https://impactable.com/blog/using-ai-on-linkedin-without-losing-your-voice/,301,TRUE
https://impactable.com/using-ai-on-linkedin-without-losing-your-voice/,https://impactable.com/blog/using-ai-on-linkedin-without-losing-your-voice/,301,TRUE
https://impactable.com/workplace-management-platform-boosts-linkedin-ad-impressions-by-49,https://impactable.com/blog/workplace-management-platform-boosts-linkedin-ad-impressions-by-49/,301,TRUE
https://impactable.com/workplace-management-platform-boosts-linkedin-ad-impressions-by-49/,https://impactable.com/blog/workplace-management-platform-boosts-linkedin-ad-impressions-by-49/,301,TRUE
https://impactable.com/why-linkedin-rewards-consistent-engagement,https://impactable.com/blog/why-linkedin-rewards-consistent-engagement/,301,TRUE
https://impactable.com/why-linkedin-rewards-consistent-engagement/,https://impactable.com/blog/why-linkedin-rewards-consistent-engagement/,301,TRUE
https://impactable.com/linkedin-ad-strategy-signs,https://impactable.com/blog/linkedin-ad-strategy-signs/,301,TRUE
https://impactable.com/linkedin-ad-strategy-signs/,https://impactable.com/blog/linkedin-ad-strategy-signs/,301,TRUE
https://impactable.com/linkedin-cpl-benchmark-analysis,https://impactable.com/blog/linkedin-cpl-benchmark-analysis/,301,TRUE
https://impactable.com/linkedin-cpl-benchmark-analysis/,https://impactable.com/blog/linkedin-cpl-benchmark-analysis/,301,TRUE
https://impactable.com/the-secrets-of-linkedin-retargeting,https://impactable.com/blog/the-secrets-of-linkedin-retargeting/,301,TRUE
https://impactable.com/the-secrets-of-linkedin-retargeting/,https://impactable.com/blog/the-secrets-of-linkedin-retargeting/,301,TRUE
https://impactable.com/the-ultimate-linkedin-thought-leadership-ads-strategy-for-b2b-marketers-2025,https://impactable.com/blog/the-ultimate-linkedin-thought-leadership-ads-strategy-for-b2b-marketers-2025/,301,TRUE
https://impactable.com/the-ultimate-linkedin-thought-leadership-ads-strategy-for-b2b-marketers-2025/,https://impactable.com/blog/the-ultimate-linkedin-thought-leadership-ads-strategy-for-b2b-marketers-2025/,301,TRUE
https://impactable.com/the-linkedin-abm-playbook-strategies-to-reach-your-ideal-customers,https://impactable.com/blog/the-linkedin-abm-playbook-strategies-to-reach-your-ideal-customers/,301,TRUE
https://impactable.com/the-linkedin-abm-playbook-strategies-to-reach-your-ideal-customers/,https://impactable.com/blog/the-linkedin-abm-playbook-strategies-to-reach-your-ideal-customers/,301,TRUE
https://impactable.com/the-power-of-video-on-linkedin-in-2025-organic-paid-strategy-that-converts,https://impactable.com/blog/the-power-of-video-on-linkedin-in-2025-organic-paid-strategy-that-converts/,301,TRUE
https://impactable.com/the-power-of-video-on-linkedin-in-2025-organic-paid-strategy-that-converts/,https://impactable.com/blog/the-power-of-video-on-linkedin-in-2025-organic-paid-strategy-that-converts/,301,TRUE
https://impactable.com/why-linkedin-ads-specialists-outperform-freelancers,https://impactable.com/blog/why-linkedin-ads-specialists-outperform-freelancers/,301,TRUE
https://impactable.com/why-linkedin-ads-specialists-outperform-freelancers/,https://impactable.com/blog/why-linkedin-ads-specialists-outperform-freelancers/,301,TRUE
https://impactable.com/targeted-lead-generation-on-linkedin,https://impactable.com/blog/targeted-lead-generation-on-linkedin/,301,TRUE
https://impactable.com/targeted-lead-generation-on-linkedin/,https://impactable.com/blog/targeted-lead-generation-on-linkedin/,301,TRUE
https://impactable.com/target-linkedin-powerful-b2b-audiences-generate-leads,https://impactable.com/blog/target-linkedin-powerful-b2b-audiences-generate-leads/,301,TRUE
https://impactable.com/target-linkedin-powerful-b2b-audiences-generate-leads/,https://impactable.com/blog/target-linkedin-powerful-b2b-audiences-generate-leads/,301,TRUE
https://impactable.com/the-best-software-to-schedule-and-automate-linkedin-ads-in-2025,https://impactable.com/blog/the-best-software-to-schedule-and-automate-linkedin-ads-in-2025/,301,TRUE
https://impactable.com/the-best-software-to-schedule-and-automate-linkedin-ads-in-2025/,https://impactable.com/blog/the-best-software-to-schedule-and-automate-linkedin-ads-in-2025/,301,TRUE
https://impactable.com/software-company-cuts-linkedin-ad-costs-57-percent-strategic-scheduling,https://impactable.com/blog/software-company-cuts-linkedin-ad-costs-57-percent-strategic-scheduling/,301,TRUE
https://impactable.com/software-company-cuts-linkedin-ad-costs-57-percent-strategic-scheduling/,https://impactable.com/blog/software-company-cuts-linkedin-ad-costs-57-percent-strategic-scheduling/,301,TRUE
https://impactable.com/programmatic-strategy-and-best-practices,https://impactable.com/blog/programmatic-strategy-and-best-practices/,301,TRUE
https://impactable.com/programmatic-strategy-and-best-practices/,https://impactable.com/blog/programmatic-strategy-and-best-practices/,301,TRUE
https://impactable.com/programmatic-advertising-guide,https://impactable.com/blog/programmatic-advertising-guide/,301,TRUE
https://impactable.com/programmatic-advertising-guide/,https://impactable.com/blog/programmatic-advertising-guide/,301,TRUE
https://impactable.com/private-lending-capital-provider-slashes-linkedin-ad-costs-by-48-percent,https://impactable.com/blog/private-lending-capital-provider-slashes-linkedin-ad-costs-by-48-percent/,301,TRUE
https://impactable.com/private-lending-capital-provider-slashes-linkedin-ad-costs-by-48-percent/,https://impactable.com/blog/private-lending-capital-provider-slashes-linkedin-ad-costs-by-48-percent/,301,TRUE
https://impactable.com/positive-roi-with-linkedin-ads,https://impactable.com/blog/positive-roi-with-linkedin-ads/,301,TRUE
https://impactable.com/positive-roi-with-linkedin-ads/,https://impactable.com/blog/positive-roi-with-linkedin-ads/,301,TRUE
https://impactable.com/linkedin-video-thought-leader-ads,https://impactable.com/blog/linkedin-video-thought-leader-ads/,301,TRUE
https://impactable.com/linkedin-video-thought-leader-ads/,https://impactable.com/blog/linkedin-video-thought-leader-ads/,301,TRUE
https://impactable.com/linkedin-video-advertising-in-2025-the-smartest-way-to-turn-views-into-revenue,https://impactable.com/blog/linkedin-video-advertising-in-2025-the-smartest-way-to-turn-views-into-revenue/,301,TRUE
https://impactable.com/linkedin-video-advertising-in-2025-the-smartest-way-to-turn-views-into-revenue/,https://impactable.com/blog/linkedin-video-advertising-in-2025-the-smartest-way-to-turn-views-into-revenue/,301,TRUE
https://impactable.com/linkedin-thought-leadership-in-2025-the-ultimate-guide-to-building-influence-and-driving-pipeline,https://impactable.com/blog/linkedin-thought-leadership-in-2025-the-ultimate-guide-to-building-influence-and-driving-pipeline/,301,TRUE
https://impactable.com/linkedin-thought-leadership-in-2025-the-ultimate-guide-to-building-influence-and-driving-pipeline/,https://impactable.com/blog/linkedin-thought-leadership-in-2025-the-ultimate-guide-to-building-influence-and-driving-pipeline/,301,TRUE
https://impactable.com/linkedin-video-ads,https://impactable.com/blog/linkedin-video-ads/,301,TRUE
https://impactable.com/linkedin-video-ads/,https://impactable.com/blog/linkedin-video-ads/,301,TRUE
https://impactable.com/linkedin-video-ads-best-practices,https://impactable.com/blog/linkedin-video-ads-best-practices/,301,TRUE
https://impactable.com/linkedin-video-ads-best-practices/,https://impactable.com/blog/linkedin-video-ads-best-practices/,301,TRUE
https://impactable.com/linkedin-thought-leader-ads,https://impactable.com/blog/linkedin-thought-leader-ads/,301,TRUE
https://impactable.com/linkedin-thought-leader-ads/,https://impactable.com/blog/linkedin-thought-leader-ads/,301,TRUE
https://impactable.com/linkedin-thought-leader-ads-strategies,https://impactable.com/blog/linkedin-thought-leader-ads-strategies/,301,TRUE
https://impactable.com/linkedin-thought-leader-ads-strategies/,https://impactable.com/blog/linkedin-thought-leader-ads-strategies/,301,TRUE
https://impactable.com/linkedin-thought-leader-ads-examples,https://impactable.com/blog/linkedin-thought-leader-ads-examples/,301,TRUE
https://impactable.com/linkedin-thought-leader-ads-examples/,https://impactable.com/blog/linkedin-thought-leader-ads-examples/,301,TRUE
https://impactable.com/linkedin-ad-fatigue,https://impactable.com/blog/linkedin-ad-fatigue/,301,TRUE
https://impactable.com/linkedin-ad-fatigue/,https://impactable.com/blog/linkedin-ad-fatigue/,301,TRUE
https://impactable.com/https-impactable-com-linkedin-ads-efficiency-performance,https://impactable.com/blog/https-impactable-com-linkedin-ads-efficiency-performance/,301,TRUE
https://impactable.com/https-impactable-com-linkedin-ads-efficiency-performance/,https://impactable.com/blog/https-impactable-com-linkedin-ads-efficiency-performance/,301,TRUE
https://impactable.com/how-to-measure-linkedin-ads,https://impactable.com/blog/how-to-measure-linkedin-ads/,301,TRUE
https://impactable.com/how-to-measure-linkedin-ads/,https://impactable.com/blog/how-to-measure-linkedin-ads/,301,TRUE
https://impactable.com/advanced-audience-segmentation-for-linkedin-ads,https://impactable.com/blog/advanced-audience-segmentation-for-linkedin-ads/,301,TRUE
https://impactable.com/advanced-audience-segmentation-for-linkedin-ads/,https://impactable.com/blog/advanced-audience-segmentation-for-linkedin-ads/,301,TRUE
https://impactable.com/outreach-begginers-guide,https://impactable.com/blog/outreach-begginers-guide/,301,TRUE
https://impactable.com/outreach-begginers-guide/,https://impactable.com/blog/outreach-begginers-guide/,301,TRUE
https://impactable.com/b2b-outreach-strategies,https://impactable.com/blog/b2b-outreach-strategies/,301,TRUE
https://impactable.com/b2b-outreach-strategies/,https://impactable.com/blog/b2b-outreach-strategies/,301,TRUE
https://impactable.com/industry-specific-demand-gen-content,https://impactable.com/blog/industry-specific-demand-gen-content/,301,TRUE
https://impactable.com/industry-specific-demand-gen-content/,https://impactable.com/blog/industry-specific-demand-gen-content/,301,TRUE
https://impactable.com/scale-your-abm-strategy-with-linkedin-ads,https://impactable.com/blog/scale-your-abm-strategy-with-linkedin-ads/,301,TRUE
https://impactable.com/scale-your-abm-strategy-with-linkedin-ads/,https://impactable.com/blog/scale-your-abm-strategy-with-linkedin-ads/,301,TRUE
https://impactable.com/best-linkedin-ads-tool,https://impactable.com/blog/best-linkedin-ads-tool/,301,TRUE
https://impactable.com/best-linkedin-ads-tool/,https://impactable.com/blog/best-linkedin-ads-tool/,301,TRUE
https://impactable.com/how-to-generate-more-demand-with-linkedin-ads,https://impactable.com/blog/how-to-generate-more-demand-with-linkedin-ads/,301,TRUE
https://impactable.com/how-to-generate-more-demand-with-linkedin-ads/,https://impactable.com/blog/how-to-generate-more-demand-with-linkedin-ads/,301,TRUE
https://impactable.com/linkedin-ads-budgeting-for-startups,https://impactable.com/blog/linkedin-ads-budgeting-for-startups/,301,TRUE
https://impactable.com/linkedin-ads-budgeting-for-startups/,https://impactable.com/blog/linkedin-ads-budgeting-for-startups/,301,TRUE
https://impactable.com/linkedin-content-calendar,https://impactable.com/blog/linkedin-content-calendar/,301,TRUE
https://impactable.com/linkedin-content-calendar/,https://impactable.com/blog/linkedin-content-calendar/,301,TRUE
https://impactable.com/pairing-b2b-demand-gen-videos-with-linkedin-thought-leader-ads,https://impactable.com/blog/pairing-b2b-demand-gen-videos-with-linkedin-thought-leader-ads/,301,TRUE
https://impactable.com/pairing-b2b-demand-gen-videos-with-linkedin-thought-leader-ads/,https://impactable.com/blog/pairing-b2b-demand-gen-videos-with-linkedin-thought-leader-ads/,301,TRUE
https://impactable.com/cpc-linkedin-vs-ctr-linkedin,https://impactable.com/blog/cpc-linkedin-vs-ctr-linkedin/,301,TRUE
https://impactable.com/cpc-linkedin-vs-ctr-linkedin/,https://impactable.com/blog/cpc-linkedin-vs-ctr-linkedin/,301,TRUE
https://impactable.com/linkedin-content-strategy,https://impactable.com/blog/linkedin-content-strategy/,301,TRUE
https://impactable.com/linkedin-content-strategy/,https://impactable.com/blog/linkedin-content-strategy/,301,TRUE
https://impactable.com/omnichannel-outreach-tool,https://impactable.com/blog/omnichannel-outreach-tool/,301,TRUE
https://impactable.com/omnichannel-outreach-tool/,https://impactable.com/blog/omnichannel-outreach-tool/,301,TRUE
https://impactable.com/basics-of-linkedin-ad-scheduling,https://impactable.com/blog/basics-of-linkedin-ad-scheduling/,301,TRUE
https://impactable.com/basics-of-linkedin-ad-scheduling/,https://impactable.com/blog/basics-of-linkedin-ad-scheduling/,301,TRUE
https://impactable.com/the-ultimate-guide-to-targeted-outreach,https://impactable.com/blog/the-ultimate-guide-to-targeted-outreach/,301,TRUE
https://impactable.com/the-ultimate-guide-to-targeted-outreach/,https://impactable.com/blog/the-ultimate-guide-to-targeted-outreach/,301,TRUE
https://impactable.com/linkedin-text-ads,https://impactable.com/blog/linkedin-text-ads/,301,TRUE
https://impactable.com/linkedin-text-ads/,https://impactable.com/blog/linkedin-text-ads/,301,TRUE
https://impactable.com/linkedin-targeting,https://impactable.com/blog/linkedin-targeting/,301,TRUE
https://impactable.com/linkedin-targeting/,https://impactable.com/blog/linkedin-targeting/,301,TRUE
https://impactable.com/linkedin-spotlight-ads,https://impactable.com/blog/linkedin-spotlight-ads/,301,TRUE
https://impactable.com/linkedin-spotlight-ads/,https://impactable.com/blog/linkedin-spotlight-ads/,301,TRUE
https://impactable.com/linkedin-single-image-retargeting,https://impactable.com/blog/linkedin-single-image-retargeting/,301,TRUE
https://impactable.com/linkedin-single-image-retargeting/,https://impactable.com/blog/linkedin-single-image-retargeting/,301,TRUE
https://impactable.com/linkedin-thought-leader-ads-the-b2b-secret-weapon,https://impactable.com/blog/linkedin-thought-leader-ads-the-b2b-secret-weapon/,301,TRUE
https://impactable.com/linkedin-thought-leader-ads-the-b2b-secret-weapon/,https://impactable.com/blog/linkedin-thought-leader-ads-the-b2b-secret-weapon/,301,TRUE
https://impactable.com/linkedin-profile-tips,https://impactable.com/blog/linkedin-profile-tips/,301,TRUE
https://impactable.com/linkedin-profile-tips/,https://impactable.com/blog/linkedin-profile-tips/,301,TRUE
https://impactable.com/linkedin-newsletter,https://impactable.com/blog/linkedin-newsletter/,301,TRUE
https://impactable.com/linkedin-newsletter/,https://impactable.com/blog/linkedin-newsletter/,301,TRUE
https://impactable.com/linkedin-lead-generation,https://impactable.com/blog/linkedin-lead-generation/,301,TRUE
https://impactable.com/linkedin-lead-generation/,https://impactable.com/blog/linkedin-lead-generation/,301,TRUE
https://impactable.com/linkedin-posting-best-practices,https://impactable.com/blog/linkedin-posting-best-practices/,301,TRUE
https://impactable.com/linkedin-posting-best-practices/,https://impactable.com/blog/linkedin-posting-best-practices/,301,TRUE
https://impactable.com/linkedin-lead-generation-strategies-examples-b2b,https://impactable.com/blog/linkedin-lead-generation-strategies-examples-b2b/,301,TRUE
https://impactable.com/linkedin-lead-generation-strategies-examples-b2b/,https://impactable.com/blog/linkedin-lead-generation-strategies-examples-b2b/,301,TRUE
https://impactable.com/linkedin-outreach-templates,https://impactable.com/blog/linkedin-outreach-templates/,301,TRUE
https://impactable.com/linkedin-outreach-templates/,https://impactable.com/blog/linkedin-outreach-templates/,301,TRUE
https://impactable.com/linkedin-lead-generation-guide-for-software-companies,https://impactable.com/blog/linkedin-lead-generation-guide-for-software-companies/,301,TRUE
https://impactable.com/linkedin-lead-generation-guide-for-software-companies/,https://impactable.com/blog/linkedin-lead-generation-guide-for-software-companies/,301,TRUE
https://impactable.com/linkedin-lead-gen-forms,https://impactable.com/blog/linkedin-lead-gen-forms/,301,TRUE
https://impactable.com/linkedin-lead-gen-forms/,https://impactable.com/blog/linkedin-lead-gen-forms/,301,TRUE
https://impactable.com/linkedin-lead-gen-forms-set-up,https://impactable.com/blog/linkedin-lead-gen-forms-set-up/,301,TRUE
https://impactable.com/linkedin-lead-gen-forms-set-up/,https://impactable.com/blog/linkedin-lead-gen-forms-set-up/,301,TRUE
https://impactable.com/linkedin-lead-gen-guide,https://impactable.com/blog/linkedin-lead-gen-guide/,301,TRUE
https://impactable.com/linkedin-lead-gen-guide/,https://impactable.com/blog/linkedin-lead-gen-guide/,301,TRUE
https://impactable.com/linkedin-document-ads,https://impactable.com/blog/linkedin-document-ads/,301,TRUE
https://impactable.com/linkedin-document-ads/,https://impactable.com/blog/linkedin-document-ads/,301,TRUE
https://impactable.com/linkedin-lead-form-open-vs-completion-rates,https://impactable.com/blog/linkedin-lead-form-open-vs-completion-rates/,301,TRUE
https://impactable.com/linkedin-lead-form-open-vs-completion-rates/,https://impactable.com/blog/linkedin-lead-form-open-vs-completion-rates/,301,TRUE
https://impactable.com/linkedin-conversation-ads,https://impactable.com/blog/linkedin-conversation-ads/,301,TRUE
https://impactable.com/linkedin-conversation-ads/,https://impactable.com/blog/linkedin-conversation-ads/,301,TRUE
https://impactable.com/linkedin-company-page-growth-guide,https://impactable.com/blog/linkedin-company-page-growth-guide/,301,TRUE
https://impactable.com/linkedin-company-page-growth-guide/,https://impactable.com/blog/linkedin-company-page-growth-guide/,301,TRUE
https://impactable.com/linkedin-company-page-best-practices,https://impactable.com/blog/linkedin-company-page-best-practices/,301,TRUE
https://impactable.com/linkedin-company-page-best-practices/,https://impactable.com/blog/linkedin-company-page-best-practices/,301,TRUE
https://impactable.com/linkedin-content-tips,https://impactable.com/blog/linkedin-content-tips/,301,TRUE
https://impactable.com/linkedin-content-tips/,https://impactable.com/blog/linkedin-content-tips/,301,TRUE
https://impactable.com/linkedin-carousel-ads,https://impactable.com/blog/linkedin-carousel-ads/,301,TRUE
https://impactable.com/linkedin-carousel-ads/,https://impactable.com/blog/linkedin-carousel-ads/,301,TRUE
https://impactable.com/linkedin-company-page-optimization,https://impactable.com/blog/linkedin-company-page-optimization/,301,TRUE
https://impactable.com/linkedin-company-page-optimization/,https://impactable.com/blog/linkedin-company-page-optimization/,301,TRUE
https://impactable.com/linkedin-ads-vs-facebook-ads,https://impactable.com/blog/linkedin-ads-vs-facebook-ads/,301,TRUE
https://impactable.com/linkedin-ads-vs-facebook-ads/,https://impactable.com/blog/linkedin-ads-vs-facebook-ads/,301,TRUE
https://impactable.com/linkedin-ads-daypart-reporting,https://impactable.com/blog/linkedin-ads-daypart-reporting/,301,TRUE
https://impactable.com/linkedin-ads-daypart-reporting/,https://impactable.com/blog/linkedin-ads-daypart-reporting/,301,TRUE
https://impactable.com/linkedin-articles-b2b-content-marketing,https://impactable.com/blog/linkedin-articles-b2b-content-marketing/,301,TRUE
https://impactable.com/linkedin-articles-b2b-content-marketing/,https://impactable.com/blog/linkedin-articles-b2b-content-marketing/,301,TRUE
https://impactable.com/linkedin-ads-trends,https://impactable.com/blog/linkedin-ads-trends/,301,TRUE
https://impactable.com/linkedin-ads-trends/,https://impactable.com/blog/linkedin-ads-trends/,301,TRUE
https://impactable.com/linkedin-ads-and-seo-strategy,https://impactable.com/blog/linkedin-ads-and-seo-strategy/,301,TRUE
https://impactable.com/linkedin-ads-and-seo-strategy/,https://impactable.com/blog/linkedin-ads-and-seo-strategy/,301,TRUE
https://impactable.com/b2b-outreach-metrics-what-to-track,https://impactable.com/blog/b2b-outreach-metrics-what-to-track/,301,TRUE
https://impactable.com/b2b-outreach-metrics-what-to-track/,https://impactable.com/blog/b2b-outreach-metrics-what-to-track/,301,TRUE
https://impactable.com/linkedin-ad-types,https://impactable.com/blog/linkedin-ad-types/,301,TRUE
https://impactable.com/linkedin-ad-types/,https://impactable.com/blog/linkedin-ad-types/,301,TRUE
https://impactable.com/linkedin-ad-spend-time-zone,https://impactable.com/blog/linkedin-ad-spend-time-zone/,301,TRUE
https://impactable.com/linkedin-ad-spend-time-zone/,https://impactable.com/blog/linkedin-ad-spend-time-zone/,301,TRUE
https://impactable.com/leveraging-linkedin-ads-for-account-based-marketing-abm,https://impactable.com/blog/leveraging-linkedin-ads-for-account-based-marketing-abm/,301,TRUE
https://impactable.com/leveraging-linkedin-ads-for-account-based-marketing-abm/,https://impactable.com/blog/leveraging-linkedin-ads-for-account-based-marketing-abm/,301,TRUE
https://impactable.com/lead-generation-vs-demand-generation,https://impactable.com/blog/lead-generation-vs-demand-generation/,301,TRUE
https://impactable.com/lead-generation-vs-demand-generation/,https://impactable.com/blog/lead-generation-vs-demand-generation/,301,TRUE
https://impactable.com/is-your-business-ready-for-linkedin-ads,https://impactable.com/blog/is-your-business-ready-for-linkedin-ads/,301,TRUE
https://impactable.com/is-your-business-ready-for-linkedin-ads/,https://impactable.com/blog/is-your-business-ready-for-linkedin-ads/,301,TRUE
https://impactable.com/ideal-budget-for-linkedin-ads,https://impactable.com/blog/ideal-budget-for-linkedin-ads/,301,TRUE
https://impactable.com/ideal-budget-for-linkedin-ads/,https://impactable.com/blog/ideal-budget-for-linkedin-ads/,301,TRUE
https://impactable.com/it-company-linkedin-lead-generation,https://impactable.com/blog/it-company-linkedin-lead-generation/,301,TRUE
https://impactable.com/it-company-linkedin-lead-generation/,https://impactable.com/blog/it-company-linkedin-lead-generation/,301,TRUE
https://impactable.com/how-to-write-linkedin-posts,https://impactable.com/blog/how-to-write-linkedin-posts/,301,TRUE
https://impactable.com/how-to-write-linkedin-posts/,https://impactable.com/blog/how-to-write-linkedin-posts/,301,TRUE
https://impactable.com/what-is-linkedin-conversion-api-capi,https://impactable.com/blog/what-is-linkedin-conversion-api-capi/,301,TRUE
https://impactable.com/what-is-linkedin-conversion-api-capi/,https://impactable.com/blog/what-is-linkedin-conversion-api-capi/,301,TRUE
https://impactable.com/impactable-linkedin-conversion-capi-implementation-partner,https://impactable.com/blog/impactable-linkedin-conversion-capi-implementation-partner/,301,TRUE
https://impactable.com/impactable-linkedin-conversion-capi-implementation-partner/,https://impactable.com/blog/impactable-linkedin-conversion-capi-implementation-partner/,301,TRUE
https://impactable.com/why-last-click-attribution-doesnt-define-b2b-marketing-activities,https://impactable.com/blog/why-last-click-attribution-doesnt-define-b2b-marketing-activities/,301,TRUE
https://impactable.com/why-last-click-attribution-doesnt-define-b2b-marketing-activities/,https://impactable.com/blog/why-last-click-attribution-doesnt-define-b2b-marketing-activities/,301,TRUE
https://impactable.com/linkedin-attrribution-common-mistakes,https://impactable.com/blog/linkedin-attrribution-common-mistakes/,301,TRUE
https://impactable.com/linkedin-attrribution-common-mistakes/,https://impactable.com/blog/linkedin-attrribution-common-mistakes/,301,TRUE
https://impactable.com/why-your-linkedin-ad-data-is-wrong,https://impactable.com/blog/why-your-linkedin-ad-data-is-wrong/,301,TRUE
https://impactable.com/why-your-linkedin-ad-data-is-wrong/,https://impactable.com/blog/why-your-linkedin-ad-data-is-wrong/,301,TRUE
https://impactable.com/linkedin-software,https://impactable.com/blog/linkedin-software/,301,TRUE
https://impactable.com/linkedin-software/,https://impactable.com/blog/linkedin-software/,301,TRUE
https://impactable.com/the-power-of-linkedin-ad-scheduling-in-b2b-marketing-and-how-demandsense-makes-it-easy,https://impactable.com/blog/the-power-of-linkedin-ad-scheduling-in-b2b-marketing-and-how-demandsense-makes-it-easy/,301,TRUE
https://impactable.com/the-power-of-linkedin-ad-scheduling-in-b2b-marketing-and-how-demandsense-makes-it-easy/,https://impactable.com/blog/the-power-of-linkedin-ad-scheduling-in-b2b-marketing-and-how-demandsense-makes-it-easy/,301,TRUE
https://impactable.com/evaluate-lead-quality-across-marketing-channels,https://impactable.com/blog/evaluate-lead-quality-across-marketing-channels/,301,TRUE
https://impactable.com/evaluate-lead-quality-across-marketing-channels/,https://impactable.com/blog/evaluate-lead-quality-across-marketing-channels/,301,TRUE
https://impactable.com/linkedin-ad-analytics,https://impactable.com/blog/linkedin-ad-analytics/,301,TRUE
https://impactable.com/linkedin-ad-analytics/,https://impactable.com/blog/linkedin-ad-analytics/,301,TRUE
https://impactable.com/linkedin-metrics-basics,https://impactable.com/blog/linkedin-metrics-basics/,301,TRUE
https://impactable.com/linkedin-metrics-basics/,https://impactable.com/blog/linkedin-metrics-basics/,301,TRUE
https://impactable.com/linkedin-ad-scheduling,https://impactable.com/blog/linkedin-ad-scheduling/,301,TRUE
https://impactable.com/linkedin-ad-scheduling/,https://impactable.com/blog/linkedin-ad-scheduling/,301,TRUE
https://impactable.com/minimum-budget-for-linkedin-ads,https://impactable.com/blog/minimum-budget-for-linkedin-ads/,301,TRUE
https://impactable.com/minimum-budget-for-linkedin-ads/,https://impactable.com/blog/minimum-budget-for-linkedin-ads/,301,TRUE
https://impactable.com/best-linkedin-ad-tools-for-b2b-marketers-in-2025,https://impactable.com/blog/best-linkedin-ad-tools-for-b2b-marketers-in-2025/,301,TRUE
https://impactable.com/best-linkedin-ad-tools-for-b2b-marketers-in-2025/,https://impactable.com/blog/best-linkedin-ad-tools-for-b2b-marketers-in-2025/,301,TRUE
https://impactable.com/how-to-use-ga4-to-track-linkedin-ads,https://impactable.com/blog/how-to-use-ga4-to-track-linkedin-ads/,301,TRUE
https://impactable.com/how-to-use-ga4-to-track-linkedin-ads/,https://impactable.com/blog/how-to-use-ga4-to-track-linkedin-ads/,301,TRUE
https://impactable.com/best-linkedin-advertising-agencies,https://impactable.com/blog/best-linkedin-advertising-agencies/,301,TRUE
https://impactable.com/best-linkedin-advertising-agencies/,https://impactable.com/blog/best-linkedin-advertising-agencies/,301,TRUE
https://impactable.com/linkedin-message-ads,https://impactable.com/blog/linkedin-message-ads/,301,TRUE
https://impactable.com/linkedin-message-ads/,https://impactable.com/blog/linkedin-message-ads/,301,TRUE
https://impactable.com/telling-a-brand-story-with-linkedin-retargeting,https://impactable.com/blog/telling-a-brand-story-with-linkedin-retargeting/,301,TRUE
https://impactable.com/telling-a-brand-story-with-linkedin-retargeting/,https://impactable.com/blog/telling-a-brand-story-with-linkedin-retargeting/,301,TRUE
https://impactable.com/linkedin-b2b-lead-generation,https://impactable.com/blog/linkedin-b2b-lead-generation/,301,TRUE
https://impactable.com/linkedin-b2b-lead-generation/,https://impactable.com/blog/linkedin-b2b-lead-generation/,301,TRUE
https://impactable.com/audience-tuning-for-linkedin-ads,https://impactable.com/blog/audience-tuning-for-linkedin-ads/,301,TRUE
https://impactable.com/audience-tuning-for-linkedin-ads/,https://impactable.com/blog/audience-tuning-for-linkedin-ads/,301,TRUE
https://impactable.com/my-top-linkedin-ads-lessons-in-2022,https://impactable.com/blog/my-top-linkedin-ads-lessons-in-2022/,301,TRUE
https://impactable.com/my-top-linkedin-ads-lessons-in-2022/,https://impactable.com/blog/my-top-linkedin-ads-lessons-in-2022/,301,TRUE
https://impactable.com/how-to-forecast-revenue-from-linkedin-ads,https://impactable.com/blog/how-to-forecast-revenue-from-linkedin-ads/,301,TRUE
https://impactable.com/how-to-forecast-revenue-from-linkedin-ads/,https://impactable.com/blog/how-to-forecast-revenue-from-linkedin-ads/,301,TRUE
https://impactable.com/reporting-linkedin-ads-to-leadership,https://impactable.com/blog/reporting-linkedin-ads-to-leadership/,301,TRUE
https://impactable.com/reporting-linkedin-ads-to-leadership/,https://impactable.com/blog/reporting-linkedin-ads-to-leadership/,301,TRUE
https://impactable.com/linkedin-demand-generation-funnel,https://impactable.com/blog/linkedin-demand-generation-funnel/,301,TRUE
https://impactable.com/linkedin-demand-generation-funnel/,https://impactable.com/blog/linkedin-demand-generation-funnel/,301,TRUE
https://impactable.com/cost-per-pipeline-dollar-linkedin-ads,https://impactable.com/blog/cost-per-pipeline-dollar-linkedin-ads/,301,TRUE
https://impactable.com/cost-per-pipeline-dollar-linkedin-ads/,https://impactable.com/blog/cost-per-pipeline-dollar-linkedin-ads/,301,TRUE
https://impactable.com/linkedin-ads-for-new-advertisers-benchmarks-timelines,https://impactable.com/blog/linkedin-ads-for-new-advertisers-benchmarks-timelines/,301,TRUE
https://impactable.com/linkedin-ads-for-new-advertisers-benchmarks-timelines/,https://impactable.com/blog/linkedin-ads-for-new-advertisers-benchmarks-timelines/,301,TRUE
https://impactable.com/5-numbers-every-new-linkedin-advertiser-needs-to-know,https://impactable.com/blog/5-numbers-every-new-linkedin-advertiser-needs-to-know/,301,TRUE
https://impactable.com/5-numbers-every-new-linkedin-advertiser-needs-to-know/,https://impactable.com/blog/5-numbers-every-new-linkedin-advertiser-needs-to-know/,301,TRUE
https://impactable.com/why-linkedin-ads-look-like-theyre-not-working-first-30-days,https://impactable.com/blog/why-linkedin-ads-look-like-theyre-not-working-first-30-days/,301,TRUE
https://impactable.com/why-linkedin-ads-look-like-theyre-not-working-first-30-days/,https://impactable.com/blog/why-linkedin-ads-look-like-theyre-not-working-first-30-days/,301,TRUE
https://impactable.com/are-linkedin-ads-worth-it,https://impactable.com/blog/are-linkedin-ads-worth-it/,301,TRUE
https://impactable.com/are-linkedin-ads-worth-it/,https://impactable.com/blog/are-linkedin-ads-worth-it/,301,TRUE
https://impactable.com/linkedin-ads-minimum-budget,https://impactable.com/blog/linkedin-ads-minimum-budget/,301,TRUE
https://impactable.com/linkedin-ads-minimum-budget/,https://impactable.com/blog/linkedin-ads-minimum-budget/,301,TRUE
https://impactable.com/is-click-attribution-lying-to-you,https://impactable.com/blog/is-click-attribution-lying-to-you/,301,TRUE
https://impactable.com/is-click-attribution-lying-to-you/,https://impactable.com/blog/is-click-attribution-lying-to-you/,301,TRUE
https://impactable.com/best-saas-seo-agencies,https://impactable.com/blog/best-saas-seo-agencies/,301,TRUE
https://impactable.com/best-saas-seo-agencies/,https://impactable.com/blog/best-saas-seo-agencies/,301,TRUE
https://impactable.com/b2b-competitive-positioning-plays,https://impactable.com/blog/b2b-competitive-positioning-plays/,301,TRUE
https://impactable.com/b2b-competitive-positioning-plays/,https://impactable.com/blog/b2b-competitive-positioning-plays/,301,TRUE
https://impactable.com/how-to-see-competitors-linkedin-ads,https://impactable.com/blog/how-to-see-competitors-linkedin-ads/,301,TRUE
https://impactable.com/how-to-see-competitors-linkedin-ads/,https://impactable.com/blog/how-to-see-competitors-linkedin-ads/,301,TRUE
https://impactable.com/competitive-whitespace-analysis-linkedin-ads,https://impactable.com/blog/competitive-whitespace-analysis-linkedin-ads/,301,TRUE
https://impactable.com/competitive-whitespace-analysis-linkedin-ads/,https://impactable.com/blog/competitive-whitespace-analysis-linkedin-ads/,301,TRUE
https://impactable.com/linkedin-ad-library,https://impactable.com/blog/linkedin-ad-library/,301,TRUE
https://impactable.com/linkedin-ad-library/,https://impactable.com/blog/linkedin-ad-library/,301,TRUE
